image_id,haze_level,psnr,ssim_gaussian11,deltaE00
satehaze1k_test_thin_001,thin,24.139995574951172,0.9626162648200989,5.745569229125977
satehaze1k_test_thin_002,thin,25.106964111328125,0.9589430093765259,5.529378890991211
satehaze1k_test_thin_003,thin,23.770252227783203,0.9477756023406982,5.285246849060059
satehaze1k_test_thin_004,thin,25.158937454223633,0.9601157307624817,4.7615156173706055
satehaze1k_test_thin_005,thin,21.58306884765625,0.9343360662460327,6.259772300720215
satehaze1k_test_thin_006,thin,23.04379653930664,0.9531756639480591,5.447682857513428
satehaze1k_test_thin_007,thin,25.391921997070312,0.962510883808136,4.926749229431152
satehaze1k_test_thin_008,thin,23.91240882873535,0.9575822353363037,5.765069007873535
satehaze1k_test_thin_009,thin,21.785146713256836,0.9387367367744446,6.1453728675842285
satehaze1k_test_thin_010,thin,21.272619247436523,0.930741548538208,6.493546009063721
satehaze1k_test_thin_011,thin,23.668785095214844,0.9485805630683899,5.341066360473633
satehaze1k_test_thin_012,thin,22.65211296081543,0.94228196144104,5.740218639373779
satehaze1k_test_thin_013,thin,21.469135284423828,0.9320200681686401,6.372253894805908
satehaze1k_test_thin_014,thin,23.299577713012695,0.9520329236984253,5.592062473297119
satehaze1k_test_thin_015,thin,24.437349319458008,0.9643138647079468,5.639915466308594
satehaze1k_test_thin_016,thin,24.0257625579834,0.9598399996757507,5.391019344329834
satehaze1k_test_thin_017,thin,23.37724494934082,0.9510525465011597,5.959026336669922
satehaze1k_test_thin_018,thin,24.85692024230957,0.9543290734291077,4.908990859985352
satehaze1k_test_thin_019,thin,22.222984313964844,0.9482311606407166,5.943652153015137
satehaze1k_test_thin_020,thin,25.089195251464844,0.9558846950531006,4.647578239440918
satehaze1k_test_thin_021,thin,25.16793441772461,0.9600580930709839,4.686202526092529
satehaze1k_test_thin_022,thin,22.65888214111328,0.9525660276412964,5.624566078186035
satehaze1k_test_thin_023,thin,24.779138565063477,0.9554119110107422,5.661505222320557
satehaze1k_test_thin_024,thin,25.099390029907227,0.9607765674591064,4.753054141998291
satehaze1k_test_thin_025,thin,23.711532592773438,0.9480434656143188,5.78038215637207
satehaze1k_test_thin_026,thin,23.01439094543457,0.9502286314964294,5.6805949211120605
satehaze1k_test_thin_027,thin,25.12865447998047,0.9588276743888855,5.61514949798584
satehaze1k_test_thin_028,thin,24.925106048583984,0.9534953236579895,4.698736190795898
satehaze1k_test_thin_029,thin,23.912452697753906,0.9483732581138611,5.081026554107666
satehaze1k_test_thin_030,thin,25.037330627441406,0.957963228225708,4.791548252105713
satehaze1k_test_thin_031,thin,23.08551025390625,0.9449993968009949,5.599382400512695
satehaze1k_test_thin_032,thin,24.092636108398438,0.9603444933891296,5.3220438957214355
satehaze1k_test_thin_033,thin,23.902965545654297,0.9496679902076721,5.15288782119751
satehaze1k_test_thin_034,thin,25.183046340942383,0.9600197672843933,4.876062393188477
satehaze1k_test_thin_035,thin,21.37241554260254,0.9352735877037048,6.587601184844971
satehaze1k_test_thin_036,thin,24.045425415039062,0.9518378973007202,5.189050197601318
satehaze1k_test_thin_037,thin,20.848100662231445,0.9285264015197754,6.958352088928223
satehaze1k_test_thin_038,thin,24.07132911682129,0.961826741695404,5.340541839599609
satehaze1k_test_thin_039,thin,24.099817276000977,0.9488126039505005,5.024904727935791
satehaze1k_test_thin_040,thin,23.93214225769043,0.9554087519645691,5.024993419647217
satehaze1k_test_thin_041,thin,22.999130249023438,0.9499199390411377,5.659345626831055
satehaze1k_test_thin_042,thin,22.9019718170166,0.9525523781776428,5.481415271759033
satehaze1k_test_thin_043,thin,24.240102767944336,0.9614824056625366,5.272031784057617
satehaze1k_test_thin_044,thin,24.311843872070312,0.9639100432395935,5.236564636230469
satehaze1k_test_thin_045,thin,23.803865432739258,0.9477242231369019,5.290779113769531
satehaze1k_test_moderate_001,moderate,22.528339385986328,0.9466637372970581,5.879480361938477
satehaze1k_test_moderate_002,moderate,28.017301559448242,0.967380702495575,3.233259916305542
satehaze1k_test_moderate_003,moderate,27.63237762451172,0.9769570827484131,3.5950732231140137
satehaze1k_test_moderate_004,moderate,25.444091796875,0.9630605578422546,4.193187236785889
satehaze1k_test_moderate_005,moderate,22.007701873779297,0.9411717057228088,4.861423492431641
satehaze1k_test_moderate_006,moderate,27.119213104248047,0.9732029438018799,3.5355873107910156
satehaze1k_test_moderate_007,moderate,28.08547592163086,0.9760043621063232,3.1820316314697266
satehaze1k_test_moderate_008,moderate,26.649682998657227,0.9664055109024048,3.7363224029541016
satehaze1k_test_moderate_009,moderate,26.36408805847168,0.962706983089447,3.6906681060791016
satehaze1k_test_moderate_010,moderate,27.572860717773438,0.9760521054267883,3.3381407260894775
satehaze1k_test_moderate_011,moderate,20.891738891601562,0.9352834820747375,5.201143264770508
satehaze1k_test_moderate_012,moderate,26.566883087158203,0.976141095161438,3.636690378189087
satehaze1k_test_moderate_013,moderate,26.87913703918457,0.9781354069709778,3.4643685817718506
satehaze1k_test_moderate_014,moderate,28.099002838134766,0.9761977791786194,3.0921671390533447
satehaze1k_test_moderate_015,moderate,28.079269409179688,0.9633942246437073,3.1715450286865234
satehaze1k_test_moderate_016,moderate,25.897003173828125,0.9644601345062256,3.403789520263672
satehaze1k_test_moderate_017,moderate,29.811870574951172,0.9788012504577637,2.6500484943389893
satehaze1k_test_moderate_018,moderate,23.42784881591797,0.9503102898597717,4.433694839477539
satehaze1k_test_moderate_019,moderate,25.473102569580078,0.9564422965049744,4.136868476867676
satehaze1k_test_moderate_020,moderate,25.643512725830078,0.9480481743812561,3.895949602127075
satehaze1k_test_moderate_021,moderate,24.026962280273438,0.9547660946846008,4.035114288330078
satehaze1k_test_moderate_022,moderate,25.35491943359375,0.962411642074585,3.51112961769104
satehaze1k_test_moderate_023,moderate,29.010629653930664,0.9742434024810791,2.8741753101348877
satehaze1k_test_moderate_024,moderate,27.56326675415039,0.9691655039787292,3.3807551860809326
satehaze1k_test_moderate_025,moderate,24.24117088317871,0.9561499357223511,4.268918037414551
satehaze1k_test_moderate_026,moderate,28.033363342285156,0.9734035730361938,3.3467609882354736
satehaze1k_test_moderate_027,moderate,25.201229095458984,0.9627748131752014,3.774094820022583
satehaze1k_test_moderate_028,moderate,25.790889739990234,0.9602384567260742,3.820192337036133
satehaze1k_test_moderate_029,moderate,19.236719131469727,0.9023272395133972,6.557754039764404
satehaze1k_test_moderate_030,moderate,27.170114517211914,0.9557073712348938,3.5628321170806885
satehaze1k_test_moderate_031,moderate,24.846702575683594,0.9412686228752136,4.106105804443359
satehaze1k_test_moderate_032,moderate,27.726877212524414,0.9682907462120056,3.306696891784668
satehaze1k_test_moderate_033,moderate,26.834060668945312,0.9644121527671814,3.7038259506225586
satehaze1k_test_moderate_034,moderate,25.945934295654297,0.9590548276901245,3.8497214317321777
satehaze1k_test_moderate_035,moderate,27.000560760498047,0.9756131768226624,3.801023006439209
satehaze1k_test_moderate_036,moderate,24.113502502441406,0.9508795738220215,4.569072246551514
satehaze1k_test_moderate_037,moderate,27.0154972076416,0.9674108028411865,3.7236905097961426
satehaze1k_test_moderate_038,moderate,27.537233352661133,0.9657686948776245,3.429091453552246
satehaze1k_test_moderate_039,moderate,25.899723052978516,0.9637545943260193,4.006070613861084
satehaze1k_test_moderate_040,moderate,26.192760467529297,0.9578350782394409,3.820866107940674
satehaze1k_test_moderate_041,moderate,24.334110260009766,0.9451121687889099,4.493476390838623
satehaze1k_test_moderate_042,moderate,25.981422424316406,0.9579039812088013,4.0437912940979
satehaze1k_test_moderate_043,moderate,18.991239547729492,0.9050100445747375,6.364231109619141
satehaze1k_test_moderate_044,moderate,27.302650451660156,0.9636913537979126,3.5614099502563477
satehaze1k_test_moderate_045,moderate,25.10921859741211,0.9327327609062195,4.275262832641602
satehaze1k_test_thick_001,thick,21.24384117126465,0.9072592258453369,7.419681549072266
satehaze1k_test_thick_002,thick,21.929990768432617,0.9104732871055603,6.6863250732421875
satehaze1k_test_thick_003,thick,20.879802703857422,0.890678882598877,7.920126914978027
satehaze1k_test_thick_004,thick,22.310361862182617,0.9157067537307739,6.549461364746094
satehaze1k_test_thick_005,thick,22.080150604248047,0.9211923480033875,7.093438625335693
satehaze1k_test_thick_006,thick,22.641529083251953,0.9263244867324829,6.830597400665283
satehaze1k_test_thick_007,thick,20.210912704467773,0.9014688730239868,7.940338134765625
satehaze1k_test_thick_008,thick,21.25870132446289,0.9156429767608643,7.7386674880981445
satehaze1k_test_thick_009,thick,22.51766014099121,0.9026700258255005,6.721728324890137
satehaze1k_test_thick_010,thick,22.663591384887695,0.910337507724762,6.156203269958496
satehaze1k_test_thick_011,thick,21.339130401611328,0.9161514639854431,7.51711368560791
satehaze1k_test_thick_012,thick,21.388303756713867,0.9008949995040894,6.975796699523926
satehaze1k_test_thick_013,thick,22.920875549316406,0.9203494191169739,6.260232448577881
satehaze1k_test_thick_014,thick,20.128299713134766,0.8800462484359741,9.182746887207031
satehaze1k_test_thick_015,thick,21.830978393554688,0.9092010259628296,6.732048034667969
satehaze1k_test_thick_016,thick,21.30322265625,0.9108242988586426,7.274618625640869
satehaze1k_test_thick_017,thick,21.878650665283203,0.9161258935928345,6.850860595703125
satehaze1k_test_thick_018,thick,22.100921630859375,0.9277047514915466,7.2298383712768555
satehaze1k_test_thick_019,thick,21.36350440979004,0.9127021431922913,7.559185028076172
satehaze1k_test_thick_020,thick,22.33281707763672,0.91562819480896,6.9219207763671875
satehaze1k_test_thick_021,thick,19.793455123901367,0.889691174030304,9.334260940551758
satehaze1k_test_thick_022,thick,21.4096622467041,0.9174992442131042,7.401693820953369
satehaze1k_test_thick_023,thick,21.775352478027344,0.9315583109855652,7.360686302185059
satehaze1k_test_thick_024,thick,22.875057220458984,0.9096925258636475,6.209754943847656
satehaze1k_test_thick_025,thick,20.041057586669922,0.8869021534919739,8.722916603088379
satehaze1k_test_thick_026,thick,20.691055297851562,0.8954658508300781,7.769870758056641
satehaze1k_test_thick_027,thick,22.796621322631836,0.9212040305137634,6.4525628089904785
satehaze1k_test_thick_028,thick,21.19504737854004,0.9086658358573914,7.419007778167725
satehaze1k_test_thick_029,thick,22.340843200683594,0.9282044172286987,7.001434326171875
satehaze1k_test_thick_030,thick,22.81795310974121,0.9129603505134583,6.137099266052246
satehaze1k_test_thick_031,thick,20.199588775634766,0.9011843800544739,7.908229827880859
satehaze1k_test_thick_032,thick,20.4710693359375,0.8903516530990601,9.163494110107422
satehaze1k_test_thick_033,thick,22.95486068725586,0.9167776703834534,6.098912239074707
satehaze1k_test_thick_034,thick,22.114524841308594,0.9168022871017456,6.522843837738037
satehaze1k_test_thick_035,thick,20.385311126708984,0.8871926069259644,8.841185569763184
satehaze1k_test_thick_036,thick,21.81746482849121,0.9146627187728882,6.920609951019287
satehaze1k_test_thick_037,thick,22.812034606933594,0.9205024242401123,6.299294471740723
satehaze1k_test_thick_038,thick,21.93382453918457,0.9135876893997192,6.789792060852051
satehaze1k_test_thick_039,thick,22.715923309326172,0.9193539619445801,6.3230977058410645
satehaze1k_test_thick_040,thick,22.857540130615234,0.9144461750984192,6.192189693450928
satehaze1k_test_thick_041,thick,21.212623596191406,0.9006883502006531,7.921708583831787
satehaze1k_test_thick_042,thick,21.67229652404785,0.9158158302307129,7.155191421508789
satehaze1k_test_thick_043,thick,21.642086029052734,0.9207645654678345,7.339288711547852
satehaze1k_test_thick_044,thick,22.00811767578125,0.9146877527236938,6.701718807220459
satehaze1k_test_thick_045,thick,22.72177505493164,0.9317615032196045,6.686121463775635
